{
  "configVersion": 1,
  "timestamp": 1729244845472,
  "index": "/index.html",
  "assetGroups": [
    {
      "name": "app",
      "installMode": "prefetch",
      "updateMode": "prefetch",
      "cacheQueryOptions": {
        "ignoreVary": true
      },
      "urls": [
        "/favicon.ico",
        "/index.html",
        "/main-WR5VEG4G.js",
        "/manifest.webmanifest",
        "/polyfills-MH2GNY63.js",
        "/styles-PPVQCRTN.css"
      ],
      "patterns": []
    },
    {
      "name": "assets",
      "installMode": "lazy",
      "updateMode": "prefetch",
      "cacheQueryOptions": {
        "ignoreVary": true
      },
      "urls": [
        "/assets/img/home.jpg",
        "/icons/icon-128x128.png",
        "/icons/icon-144x144.png",
        "/icons/icon-152x152.png",
        "/icons/icon-192x192.png",
        "/icons/icon-384x384.png",
        "/icons/icon-512x512.png",
        "/icons/icon-72x72.png",
        "/icons/icon-96x96.png"
      ],
      "patterns": []
    }
  ],
  "dataGroups": [],
  "hashTable": {
    "/assets/img/home.jpg": "913741d45468f7b79456b310f1a91d55649c3f95",
    "/favicon.ico": "9c39f434fe1261f68c5e3eefdf734630d99c5670",
    "/icons/icon-128x128.png": "f912963bdc6d5a38d8f1dd0afbaab2ce8d657acb",
    "/icons/icon-144x144.png": "b155fd5f2fd5d2ea7760721063003c4cd95fd783",
    "/icons/icon-152x152.png": "eae6e0f0c8afb8aaae339e2a569b43e9238e5e6c",
    "/icons/icon-192x192.png": "15c4180454633880d98674aa7394656196c91584",
    "/icons/icon-384x384.png": "94a915751ef6c9282df9aea405ad679230631814",
    "/icons/icon-512x512.png": "1de182f76f7329dfa8f9fcdd1fdcdd695bea6a99",
    "/icons/icon-72x72.png": "aa88a6096bd973be7f6d7a5489bfa6bc2463f8c4",
    "/icons/icon-96x96.png": "7fb8f59c30ce2ff12c700321a0b39e14b3dc8f95",
    "/index.html": "b2895ed51ec66c9eba3665ace24346391b7d1d6a",
    "/main-WR5VEG4G.js": "d65b9aa1f2ad7e06a7495dfb8b4e1c7055a077ea",
    "/manifest.webmanifest": "5ddba821ed9a37276626b2f973cad9c0d926fdf5",
    "/polyfills-MH2GNY63.js": "3c45a12b17fda69e5b6ed63ba5d8cc13f85d5dd1",
    "/styles-PPVQCRTN.css": "6f29b0faf3a1d790613fec18a0b91a4d3d5bf18b"
  },
  "navigationUrls": [
    {
      "positive": true,
      "regex": "^\\/.*$"
    },
    {
      "positive": false,
      "regex": "^\\/(?:.+\\/)?[^/]*\\.[^/]*$"
    },
    {
      "positive": false,
      "regex": "^\\/(?:.+\\/)?[^/]*__[^/]*$"
    },
    {
      "positive": false,
      "regex": "^\\/(?:.+\\/)?[^/]*__[^/]*\\/.*$"
    }
  ],
  "navigationRequestStrategy": "performance"
}